thisRow.t,notes,step1.started,instruct.started,instruct_mouse.started,next_text.started,step1.stopped,instruct_mouse.x,instruct_mouse.y,instruct_mouse.leftButton,instruct_mouse.midButton,instruct_mouse.rightButton,instruct_mouse.time,instruct_mouse.clicked_name,step2.started,instruct2.started,instruct_mouse2.started,next_text2.started,step2.stopped,instruct_mouse2.x,instruct_mouse2.y,instruct_mouse2.leftButton,instruct_mouse2.midButton,instruct_mouse2.rightButton,instruct_mouse2.time,instruct_mouse2.clicked_name,step3_pretest.started,pretest.started,step3_mouse.started,step3_next.started,step3_pretest.stopped,pretest.index,pretest.itemText,pretest.type,pretest.font,pretest.markerColor,pretest.response,pretest.rt,step3_mouse.x,step3_mouse.y,step3_mouse.leftButton,step3_mouse.midButton,step3_mouse.rightButton,step3_mouse.time,step3_mouse.clicked_name,step4_qestion1.started,question1.started,step4_mouse.started,step4_next.started,ai_dialog.started,step4_qestion1.stopped,question1.index,question1.itemText,question1.type,question1.font,question1.markerColor,question1.response,question1.rt,step4_mouse.x,step4_mouse.y,step4_mouse.leftButton,step4_mouse.midButton,step4_mouse.rightButton,step4_mouse.time,step4_mouse.clicked_name,ai_dialog.text,participant,session,date,expName,psychopyVersion,expStart,
,,0.012407500000335858,0.018916199999694072,0.012154300000474905,0.018916199999694072,0.8034571999996842,[0.014814814814814815],[-0.4305555555555556],[1],[0],[0],[0.7905533000002833],['next_text'],,,,,,,,,,,,,,,,,,,,,,,,,,,,,,,,,,,,,,,,,,,,,,,,,,,,,958406,001,2025-03-31_21h12.28.575,tutorial,2024.2.4,2025-03-31 21h12.34.226064 -0500,
,,,,,,,,,,,,,,0.8113063000000693,0.8188397000003533,0.007781399999657879,0.8188397000003533,1.6529310000005353,[0.014814814814814815],[-0.4287037037037037],[1],[0],[0],[0.841204999999718],['next_text2'],,,,,,,,,,,,,,,,,,,,,,,,,,,,,,,,,,,,,,,,,958406,001,2025-03-31_21h12.28.575,tutorial,2024.2.4,2025-03-31 21h12.34.226064 -0500,
,,,,,,,,,,,,,,,,,,,,,,,,,,1.6533129999997982,1.8018258000001879,0.0003260000003137975,1.8018258000001879,16.147865099999763,0,Please answer the following questions:,heading,None,None,,,,,,,,,,,,,,,,,,,,,,,,,,,,,,,958406,001,2025-03-31_21h12.28.575,tutorial,2024.2.4,2025-03-31 21h12.34.226064 -0500,
,,,,,,,,,,,,,,,,,,,,,,,,,,,,,,,1,Type an random number for your ID,free text,None,None,,None,,,,,,,,,,,,,,,,,,,,,,,,,,,,,958406,001,2025-03-31_21h12.28.575,tutorial,2024.2.4,2025-03-31 21h12.34.226064 -0500,
,,,,,,,,,,,,,,,,,,,,,,,,,,,,,,,2,Please select your age,radio,None,None,None,None,,,,,,,,,,,,,,,,,,,,,,,,,,,,,958406,001,2025-03-31_21h12.28.575,tutorial,2024.2.4,2025-03-31 21h12.34.226064 -0500,
,,,,,,,,,,,,,,,,,,,,,,,,,,,,,,,3,How many siblings do you have,radio,None,None,None,None,,,,,,,,,,,,,,,,,,,,,,,,,,,,,958406,001,2025-03-31_21h12.28.575,tutorial,2024.2.4,2025-03-31 21h12.34.226064 -0500,
,,,,,,,,,,,,,,,,,,,,,,,,,,,,,,,4,Please select your current mood,slider,None,None,None,None,,,,,,,,,,,,,,,,,,,,,,,,,,,,,958406,001,2025-03-31_21h12.28.575,tutorial,2024.2.4,2025-03-31 21h12.34.226064 -0500,
,,,,,,,,,,,,,,,,,,,,,,,,,,,,,,,5,What does the standard deviation measure?,choice,None,None,C) How spread out the data values are around the mean indicating the typical deviation from the average value.,1.6121803999994881,,,,,,,,,,,,,,,,,,,,,,,,,,,,,958406,001,2025-03-31_21h12.28.575,tutorial,2024.2.4,2025-03-31 21h12.34.226064 -0500,
,,,,,,,,,,,,,,,,,,,,,,,,,,,,,,,6,What is the primary difference between the formula for population standard deviation (σ) and sample standard deviation (s)?,choice,None,None,C) The sample formula divides by n-1 while the population formula divides by n.,3.908766999999898,,,,,,,,,,,,,,,,,,,,,,,,,,,,,958406,001,2025-03-31_21h12.28.575,tutorial,2024.2.4,2025-03-31 21h12.34.226064 -0500,
,,,,,,,,,,,,,,,,,,,,,,,,,,,,,,,,,,,,,,[0.0],[-0.40925925925925927],[1],[0],[0],[14.494078599999739],['step3_next'],,,,,,,,,,,,,,,,,,,,,,958406,001,2025-03-31_21h12.28.575,tutorial,2024.2.4,2025-03-31 21h12.34.226064 -0500,
,,,,,,,,,,,,,,,,,,,,,,,,,,,,,,,,,,,,,,,,,,,,,16.14877510000042,16.196975800000473,0.0007400999993478763,16.196975800000473,19.19596999999976,30.909639499999685,0,Please answer the following question:,heading,None,None,,,,,,,,,,,958406,001,2025-03-31_21h12.28.575,tutorial,2024.2.4,2025-03-31 21h12.34.226064 -0500,
,,,,,,,,,,,,,,,,,,,,,,,,,,,,,,,,,,,,,,,,,,,,,,,,,,,1," Imagine you are comparing the consistency of scores in two short quizzes given to the same group of students. Quiz A has scores of 2, 3, 4, and 5, while Quiz B has scores of 1, 3, 5, and 7. Which set of scores do you think has a greater standard deviation?",choice,None,None,None,None,,,,,,,,,958406,001,2025-03-31_21h12.28.575,tutorial,2024.2.4,2025-03-31 21h12.34.226064 -0500,
,,,,,,,,,,,,,,,,,,,,,,,,,,,,,,,,,,,,,,,,,,,,,,,,,,,,,,,,,,[0.025],[-0.39537037037037037],[1],[0],[0],[14.760408399999505],['step3_next'],"Ask a question of the ai.

Question> hello
world
",958406,001,2025-03-31_21h12.28.575,tutorial,2024.2.4,2025-03-31 21h12.34.226064 -0500,
